episode,frame,ep_reward,success,intrinsic_bonus,total_shaped_reward,visit_count,steps_in_episode
0,79,0.0,0,0.7192230933248644,0.007192230933248645,0,79
1,223,0.0,0,1.0,0.01,0,144
2,419,0.0,0,0.6597539553864472,0.006597539553864472,4,196
3,487,0.0,0,1.0,0.01,0,68
4,521,0.0,0,0.8122523963562355,0.008122523963562354,0,34
5,545,0.0,0,1.0,0.01,0,24
6,674,0.0,0,1.0,0.01,0,129
7,870,0.0,0,0.3412787518465366,0.003412787518465366,13,196
8,903,0.0,0,0.5841906810678655,0.005841906810678655,0,33
9,1045,0.34795918367346934,1,0.7192230933248644,0.355151414606718,0,142
10,1072,0.0,0,0.8122523963562355,0.008122523963562354,0,27
11,1191,0.0,0,0.7192230933248644,0.007192230933248645,0,119
12,1200,0.0,0,0.6170338627200096,0.006170338627200096,0,9
13,1396,0.0,0,0.8122523963562355,0.008122523963562354,2,196
14,1566,0.0,0,0.5577898253032461,0.005577898253032461,0,170
15,1762,0.0,0,0.42743031778825946,0.004274303177882595,13,196
16,1845,0.0,0,0.3956154062402218,0.003956154062402218,0,83
17,1922,0.0,0,0.4352752816480621,0.0043527528164806215,0,77
18,1929,0.0,0,0.5841906810678655,0.005841906810678655,0,7
19,2038,0.0,0,0.6597539553864472,0.006597539553864472,0,109
20,2234,0.0,0,0.41340328157583217,0.004134032815758322,19,196
21,2263,0.0,0,0.5577898253032461,0.005577898253032461,0,29
22,2368,0.0,0,0.6597539553864472,0.006597539553864472,0,105
23,2438,0.0,0,0.8122523963562355,0.008122523963562354,0,70
24,2634,0.0,0,0.7192230933248644,0.007192230933248645,0,196
25,2830,0.0,0,0.4352752816480621,0.0043527528164806215,16,196
26,2914,0.6142857142857143,1,0.6170338627200096,0.6204560529129144,0,84
27,3110,0.0,0,0.27383037488465917,0.0027383037488465916,75,196
28,3116,0.0,0,0.6170338627200096,0.006170338627200096,0,6
29,3312,0.0,0,0.2807664900503806,0.002807664900503806,69,196
30,3344,0.0,0,0.5172818579717866,0.005172818579717866,0,32
31,3540,0.0,0,0.31504358630292134,0.0031504358630292137,47,196
32,3584,0.0,0,0.5172818579717866,0.005172818579717866,0,44
33,3608,0.0,0,0.4745102806263551,0.004745102806263551,0,24
34,3804,0.0,0,0.4530661222656876,0.0045306612226568765,14,196
35,3809,0.0,0,0.325855617936629,0.0032585561793662897,0,5
36,3811,0.0,0,0.5011872336272724,0.005011872336272724,0,2
37,3812,0.0,0,0.32356345438522355,0.0032356345438522356,0,1
38,3909,0.0,0,0.6170338627200096,0.006170338627200096,0,97
39,4105,0.0,0,0.5358867312681466,0.005358867312681466,8,196
40,4277,0.0,0,0.3282198502396035,0.003282198502396035,0,172
41,4424,0.0,0,0.42743031778825946,0.004274303177882595,0,147
42,4614,0.0,0,0.6597539553864472,0.006597539553864472,0,190
43,4801,0.0,0,0.5172818579717866,0.005172818579717866,0,187
44,4997,0.0,0,0.6597539553864472,0.006597539553864472,4,196
45,5106,0.0,0,0.6597539553864472,0.006597539553864472,0,109
46,5302,0.0,0,0.4352752816480621,0.0043527528164806215,16,196
47,5345,0.0,0,0.48705969722582854,0.004870596972258286,0,43
48,5430,0.0,0,0.4201634287291895,0.004201634287291895,0,85
49,5464,0.0,0,0.4632516707503672,0.0046325167075036726,0,34
50,5636,0.0,0,0.6597539553864472,0.006597539553864472,0,172
51,5667,0.0,0,0.6170338627200096,0.006170338627200096,0,31
52,5708,0.0,0,0.4745102806263551,0.004745102806263551,0,41
53,5766,0.0,0,0.5358867312681466,0.005358867312681466,0,58
54,5814,0.0,0,0.5011872336272724,0.005011872336272724,0,48
55,6010,0.0,0,0.3956154062402218,0.003956154062402218,22,196
56,6104,0.0,0,0.3641502400922841,0.003641502400922841,0,94
57,6124,0.0,0,0.3412787518465366,0.003412787518465366,0,20
58,6255,0.0,0,0.298912166216387,0.00298912166216387,0,131
59,6432,0.0,0,0.48705969722582854,0.004870596972258286,0,177
60,6436,0.0,0,0.3357878061215012,0.003357878061215012,0,4
61,6522,0.0,0,0.4201634287291895,0.004201634287291895,0,86
62,6576,0.0,0,0.3412787518465366,0.003412787518465366,0,54
63,6771,0.0,0,0.42743031778825946,0.004274303177882595,0,195
64,6967,0.0,0,0.23380773984485034,0.0023380773984485034,127,196
65,7157,0.0,0,0.6170338627200096,0.006170338627200096,0,190
66,7170,0.0,0,0.3331812996249907,0.003331812996249907,0,13
67,7331,0.0,0,0.3535533905932738,0.003535533905932738,0,161
68,7472,0.0,0,0.26467700653516885,0.0026467700653516886,0,141
69,7491,0.0,0,0.32133956175406575,0.0032133956175406575,0,19
70,7687,0.0,0,0.3854221125344267,0.003854221125344267,24,196
71,7701,0.0,0,0.32133956175406575,0.0032133956175406575,0,14
72,7897,0.0,0,0.34417521049278127,0.0034417521049278127,103,196
73,8093,0.0,0,0.23606329597995135,0.0023606329597995134,168,196
74,8145,0.0,0,0.5358867312681466,0.005358867312681466,0,52
75,8341,0.0,0,0.4530661222656876,0.0045306612226568765,14,196
76,8466,0.0,0,0.5841906810678655,0.005841906810678655,0,125
77,8563,0.0,0,0.3306602597747843,0.003306602597747843,0,97
78,8759,0.0,0,0.6170338627200096,0.006170338627200096,7,196
79,8955,0.0,0,0.40709053153690444,0.004070905315369045,20,196
80,8986,0.0,0,0.2819988428128902,0.0028199884281289024,0,31
81,9182,0.0,0,0.19882136537348405,0.0019882136537348405,218,196
82,9378,0.0,0,0.21815441427552404,0.0021815441427552405,160,196
83,9462,0.0,0,0.3641502400922841,0.003641502400922841,0,84
84,9655,0.0,0,0.3535533905932738,0.003535533905932738,0,193
85,9838,0.0,0,0.4632516707503672,0.0046325167075036726,0,183
86,9964,0.0,0,0.2858419678145972,0.002858419678145972,0,126
87,10160,0.0,0,0.24279212330929373,0.0024279212330929373,112,196
88,10191,0.0,0,0.2973291869656199,0.002973291869656199,0,31
89,10370,0.0,0,0.5358867312681466,0.005358867312681466,0,179
90,10459,0.0,0,0.4201634287291895,0.004201634287291895,0,89
91,10469,0.0,0,0.40709053153690444,0.004070905315369045,0,10
92,10665,0.0,0,0.40709053153690444,0.004070905315369045,20,196
93,10861,0.0,0,0.1850359308676191,0.0018503593086761911,108,196
94,10994,0.0,0,0.38073078774317576,0.0038073078774317577,0,133
95,11133,0.0,0,0.4745102806263551,0.004745102806263551,0,139
96,11139,0.0,0,0.325855617936629,0.0032585561793662897,0,6
97,11206,0.0,0,0.2550838236918635,0.002550838236918635,0,67
98,11402,0.0,0,0.24087440112253738,0.002408744011225374,115,196
99,11598,0.0,0,0.2973291869656199,0.002973291869656199,57,196
100,11668,0.0,0,0.6170338627200096,0.006170338627200096,0,70
101,11864,0.0,0,0.24614151349474525,0.0024614151349474527,107,196
102,11865,0.0,0,0.2957819051486562,0.002957819051486562,0,1
103,11887,0.0,0,0.2384162822884242,0.002384162822884242,0,22
104,11888,0.0,0,0.2973291869656199,0.002973291869656199,0,1
105,11929,0.0,0,0.38073078774317576,0.0038073078774317577,0,41
106,12024,0.0,0,0.23111483361241542,0.0023111483361241544,0,95
107,12183,0.0,0,0.4745102806263551,0.004745102806263551,0,159
108,12379,0.0,0,0.36800404351813193,0.0036800404351813192,19,196
109,12575,0.0,0,0.31306003451477077,0.0031306003451477076,43,196
110,12667,0.0,0,0.2695950243632805,0.002695950243632805,0,92
111,12743,0.0,0,0.347181299898821,0.00347181299898821,0,76
112,12939,0.0,0,0.44378500343167504,0.00443785003431675,15,196
113,13135,0.0,0,0.32133956175406575,0.0032133956175406575,44,196
114,13268,0.0,0,0.3903746871536587,0.003903746871536587,0,133
115,13464,0.0,0,0.48705969722582854,0.004870596972258286,9,196
116,13660,0.0,0,0.18269667656457247,0.0018269667656457247,289,196
117,13842,0.0,0,0.8122523963562355,0.008122523963562354,0,182
118,13899,0.0,0,0.24214553588947263,0.0024214553588947263,0,57
119,13985,0.0,0,0.298912166216387,0.00298912166216387,0,86
120,14181,0.0,0,0.1765373068414687,0.001765373068414687,324,196
121,14377,0.0,0,0.27383037488465917,0.0027383037488465916,75,196
122,14407,0.0,0,0.2819988428128902,0.0028199884281289024,0,30
123,14411,0.0,0,0.2290542358444555,0.002290542358444555,0,4
124,14459,0.0,0,0.37627727968301555,0.0037627727968301554,0,48
125,14655,0.0,0,0.22153733325919792,0.002215373332591979,152,196
126,14851,0.0,0,0.24279212330929373,0.0024279212330929373,112,196
127,15047,0.0,0,0.3092494947109917,0.0030924949471099173,19,196
128,15243,0.0,0,0.3641502400922841,0.003641502400922841,25,196
129,15439,0.0,0,0.20919661506859952,0.002091966150685995,153,196
130,15635,0.0,0,0.2957819051486562,0.002957819051486562,58,196
131,15674,0.0,0,0.2871745887492588,0.002871745887492588,0,39
132,15677,0.0,0,0.2973291869656199,0.002973291869656199,0,3
133,15686,0.0,0,0.22469302925456097,0.00224693029254561,0,9
134,15767,0.0,0,0.303890580763577,0.00303890580763577,0,81
135,15866,0.0,0,0.3170827751173751,0.003170827751173751,0,99
136,15942,0.0,0,0.34417521049278127,0.0034417521049278127,0,76
137,15946,0.0,0,0.3412787518465366,0.003412787518465366,0,4
138,16070,0.0,0,0.26857958838184387,0.002685795883818439,0,124
139,16266,0.0,0,0.16597209592623963,0.0016597209592623962,398,196
140,16426,0.0,0,1.0,0.01,0,160
141,16504,0.0,0,0.2749352872876952,0.0027493528728769518,0,78
142,16510,0.0,0,0.26373898002853097,0.0026373898002853098,0,6
143,16706,0.0,0,0.17309206948100042,0.0017309206948100042,346,196
144,16717,0.0,0,0.23549055566067806,0.0023549055566067807,0,11
145,16786,0.0,0,0.3282198502396035,0.003282198502396035,0,69
146,16799,0.0,0,0.22855137049411559,0.002285513704941156,0,13
147,16995,0.0,0,0.2022273234656037,0.002022273234656037,124,196
148,17158,0.0,0,0.24477781323317327,0.0024477781323317327,0,163
149,17354,0.0,0,0.3074177553405018,0.003074177553405018,51,196
150,17357,0.0,0,0.22707095646857547,0.002270709564685755,0,3
151,17512,0.0,0,0.20919661506859952,0.002091966150685995,0,155
152,17549,0.0,0,0.24970080845777748,0.0024970080845777747,0,37
153,17745,0.0,0,0.17190916125119682,0.0017190916125119683,354,196
154,17808,0.0,0,0.3331812996249907,0.003331812996249907,0,63
155,18004,0.0,0,0.23007453899272917,0.0023007453899272917,134,196
156,18016,0.0,0,0.2078512521824839,0.0020785125218248392,0,12
157,18212,0.0,0,0.14241178877981506,0.0014241178877981507,663,196
158,18408,0.0,0,0.2716769434278468,0.002716769434278468,77,196
159,18463,0.0,0,0.20372352531302257,0.0020372352531302256,0,55
160,18467,0.0,0,0.20654259604453767,0.002065425960445377,0,4
161,18663,0.0,0,0.29134062629699287,0.0029134062629699287,361,196
162,18691,0.0,0,0.24683585245530354,0.0024683585245530355,0,28
163,18863,0.0,0,0.3111294892118257,0.003111294892118257,0,172
164,18914,0.0,0,0.8122523963562355,0.008122523963562354,0,51
165,18972,0.0,0,0.2845357362430651,0.002845357362430651,0,58
166,19059,0.0,0,0.298912166216387,0.00298912166216387,0,87
167,19063,0.0,0,0.20526891114486695,0.0020526891114486696,0,4
168,19067,0.0,0,0.22516000642010225,0.0022516000642010224,0,4
169,19128,0.0,0,0.2973291869656199,0.002973291869656199,0,61
170,19192,0.0,0,0.189910896975615,0.00189910896975615,0,64
171,19328,0.0,0,0.27383037488465917,0.0027383037488465916,0,136
172,19370,0.0,0,0.2819988428128902,0.0028199884281289024,0,42
173,19566,0.0,0,0.30563212211693486,0.0030563212211693488,52,196
174,19762,0.0,0,0.23549055566067806,0.0023549055566067807,124,196
175,19958,0.0,0,0.4632516707503672,0.0046325167075036726,13,196
176,20036,0.0,0,0.17147449604649453,0.0017147449604649455,0,78
177,20065,0.0,0,0.21310133433584372,0.0021310133433584373,0,29
178,20111,0.0,0,0.251188643150958,0.0025118864315095803,0,46
179,20307,0.0,0,0.2583970684992842,0.0025839706849928416,91,196
180,20503,0.0,0,0.2592550634024553,0.0025925506340245532,29,196
181,20571,0.0,0,0.2619052621141646,0.002619052621141646,0,68
182,20767,0.0,0,0.21422261854072366,0.0021422261854072366,170,196
183,20781,0.0,0,0.2610088290788024,0.0026100882907880243,0,14
184,20813,0.0,0,0.2665973598888027,0.0026659735988880267,0,32
185,20928,0.0,0,0.4352752816480621,0.0043527528164806215,0,115
186,21124,0.0,0,0.35030458207263226,0.0035030458207263226,85,196
187,21320,0.0,0,0.3535533905932738,0.003535533905932738,36,196
188,21341,0.0,0,0.16869320712689792,0.0016869320712689791,0,21
189,21537,0.0,0,0.347181299898821,0.00347181299898821,9,196
190,21698,0.0,0,0.3092494947109917,0.0030924949471099173,0,161
191,21894,0.0,0,0.37627727968301555,0.0037627727968301554,26,196
192,22090,0.0,0,0.40709053153690444,0.004070905315369045,20,196
193,22141,0.0,0,0.2592550634024553,0.0025925506340245532,0,51
194,22337,0.0,0,0.22110194893898205,0.0022110194893898206,153,196
195,22340,0.0,0,0.24477781323317327,0.0024477781323317327,0,3
196,22536,0.0,0,0.17279303261634427,0.0017279303261634427,348,196
197,22599,0.0,0,0.22469302925456097,0.00224693029254561,0,63
198,22795,0.0,0,0.2059014860328949,0.002059014860328949,194,196
199,22860,0.0,0,0.1948916460631891,0.001948916460631891,0,65
200,23056,0.0,0,0.3074177553405018,0.003074177553405018,58,196
201,23252,0.0,0,0.1586082241871302,0.001586082241871302,463,196
202,23291,0.0,0,0.22331684594232046,0.0022331684594232046,0,39
203,23487,0.0,0,0.19800780884477162,0.0019800780884477163,221,196
204,23683,0.0,0,0.3956154062402218,0.003956154062402218,22,196
205,23762,0.0,0,0.2519471451241524,0.002519471451241524,0,79
206,23773,0.0,0,0.16724397544352887,0.0016724397544352887,0,11
207,23932,0.0,0,0.5841906810678655,0.005841906810678655,0,159
208,23936,0.0,0,0.1938989673675508,0.001938989673675508,0,4
209,24132,0.0,0,0.226586622672946,0.00226586622672946,141,196
210,24328,0.0,0,0.15545992015723462,0.001554599201572346,495,196
211,24356,0.0,0,0.21536992591286394,0.0021536992591286394,0,28
212,24445,0.0,0,0.18213153363051923,0.0018213153363051925,0,89
213,24641,0.0,0,0.2665973598888027,0.0026659735988880267,82,196
214,24694,0.0,0,0.21023084094803532,0.002102308409480353,0,53
215,24882,0.0,0,0.31918042293931487,0.003191804229393149,0,188
216,24889,0.0,0,0.1964229561448336,0.0019642295614483362,0,7
217,25085,0.0,0,0.5011872336272724,0.005011872336272724,11,196
218,25281,0.0,0,0.15779517807893972,0.0015779517807893973,471,196
219,25477,0.0,0,0.19827739103386627,0.0019827739103386627,220,196
220,25576,0.0,0,0.243446259653129,0.00243446259653129,0,99
221,25772,0.0,0,0.17061924368111667,0.0017061924368111667,363,196
222,25774,0.0,0,0.20953890645652656,0.0020953890645652655,0,2
223,25970,0.0,0,0.16083231723141314,0.0016083231723141315,442,196
224,26114,0.0,0,0.19854857093356126,0.0019854857093356128,0,144
225,26310,0.0,0,0.16572270086699933,0.0016572270086699934,400,196
226,26506,0.0,0,0.185845138912132,0.0018584513891213201,273,196
227,26513,0.0,0,0.18729902171547244,0.0018729902171547245,0,7
228,26547,0.0,0,0.19992903417885752,0.0019992903417885752,0,34
229,26604,0.0,0,0.17572810696681462,0.0017572810696681463,0,57
230,26800,0.0,0,0.2706273090414836,0.0027062730904148357,193,196
231,26996,0.0,0,0.18666990910238726,0.0018666990910238726,409,196
232,27059,0.0,0,0.17837611413784826,0.0017837611413784827,0,63
233,27255,0.0,0,0.303890580763577,0.00303890580763577,53,196
234,27303,0.0,0,0.26857958838184387,0.002685795883818439,0,48
235,27499,0.0,0,0.22331684594232046,0.0022331684594232046,148,196
236,27695,0.0,0,0.27605978280772375,0.0027605978280772375,73,196
237,27861,0.0,0,0.15830120654463664,0.0015830120654463664,0,166
238,27926,0.0,0,0.16923389515572113,0.0016923389515572113,0,65
239,28122,0.0,0,0.40709053153690444,0.004070905315369045,23,196
240,28318,0.0,0,0.2957819051486562,0.002957819051486562,58,196
241,28369,0.0,0,0.15489902432419686,0.0015489902432419685,0,51
242,28565,0.0,0,0.19013577692968855,0.0019013577692968855,253,196
243,28761,0.0,0,0.3170827751173751,0.003170827751173751,24,196
244,28763,0.0,0,0.16896261394514958,0.0016896261394514958,0,2
245,28808,0.0,0,0.28992288199713384,0.0028992288199713384,0,45
246,29004,0.0,0,0.24753875953635449,0.002475387595363545,105,196
247,29200,0.0,0,0.3384850429756255,0.003384850429756255,37,196
248,29396,0.0,0,0.3282198502396035,0.003282198502396035,41,196
249,29506,0.0,0,0.22153733325919792,0.002215373332591979,0,110
250,29516,0.0,0,0.19720848397439247,0.001972084839743925,0,10
251,29559,0.0,0,0.2832549833338056,0.0028325498333380563,0,43
252,29696,0.0,0,0.17837611413784826,0.0017837611413784827,0,137
253,29892,0.0,0,0.4632516707503672,0.0046325167075036726,148,196
254,30088,0.0,0,0.3412787518465366,0.003412787518465366,36,196
255,30160,0.0,0,0.230592144209972,0.00230592144209972,0,72
256,30356,0.0,0,0.2290542358444555,0.002290542358444555,136,196
257,30469,0.0,0,0.2610088290788024,0.0026100882907880243,0,113
258,30665,0.0,0,0.6170338627200096,0.006170338627200096,5,196
259,30861,0.0,0,0.2706273090414836,0.0027062730904148357,20,196
260,30950,0.0,0,0.21734291906483147,0.0021734291906483146,0,89
261,30992,0.0,0,0.14997184706801242,0.0014997184706801241,0,42
262,31180,0.0,0,0.230592144209972,0.00230592144209972,0,188
263,31376,0.0,0,0.3641502400922841,0.003641502400922841,29,196
264,31572,0.0,0,0.1917429778514668,0.0019174297785146679,246,196
265,31614,0.0,0,0.18729902171547244,0.0018729902171547245,0,42
266,31627,0.0,0,0.18483599989734673,0.0018483599989734673,0,13
267,31823,0.0,0,0.2675805205867436,0.002675805205867436,70,196
268,31864,0.0,0,0.16711487929575575,0.0016711487929575576,0,41
269,31984,0.0,0,0.18365573644657565,0.0018365573644657566,0,120
270,32180,0.0,0,0.14901759269194506,0.0014901759269194507,570,196
271,32200,0.0,0,0.15555426220338583,0.0015555426220338585,0,20
272,32396,0.0,0,0.18138964326336607,0.0018138964326336606,296,196
273,32592,0.0,0,0.2957819051486562,0.002957819051486562,58,196
274,32602,0.0,0,0.14824211479845928,0.0014824211479845927,0,10
275,32646,0.0,0,0.2059014860328949,0.002059014860328949,0,44
276,32673,0.0,0,0.21897920458479228,0.002189792045847923,0,27
277,32719,0.0,0,0.15247892562427168,0.0015247892562427169,0,46
278,32814,0.0,0,0.14763414123703794,0.0014763414123703795,0,95
279,33010,0.0,0,0.16597209592623963,0.0016597209592623962,398,196
280,33206,0.0,0,0.2592550634024553,0.0025925506340245532,38,196
281,33342,0.0,0,0.20193374347599952,0.0020193374347599953,0,136
282,33538,0.0,0,0.23606329597995135,0.0023606329597995134,123,196
283,33734,0.0,0,0.16584719525510933,0.0016584719525510932,399,196
284,33930,0.0,0,0.24897103951037328,0.0024897103951037327,110,196
285,34126,0.0,0,0.1513703518681054,0.0015137035186810542,541,196
286,34322,0.0,0,0.23436288550966747,0.002343628855096675,126,196
287,34518,0.0,0,0.3569369364716288,0.0035693693647162877,31,196
288,34608,0.0,0,0.14241178877981506,0.0014241178877981507,0,90
289,34804,0.0,0,0.18424177288917404,0.0018424177288917404,85,196
290,35000,0.0,0,0.23963168495428427,0.0023963168495428427,117,196
291,35196,0.0,0,0.2957819051486562,0.002957819051486562,58,196
292,35328,0.0,0,0.14228316145476855,0.0014228316145476856,0,132
293,35363,0.0,0,0.17309206948100042,0.0017309206948100042,0,35
294,35559,0.0,0,0.23164269622750747,0.0023164269622750746,131,196
295,35755,0.0,0,0.19964960809434412,0.001996496080943441,215,196
296,35951,0.0,0,0.41340328157583217,0.004134032815758322,22,196
297,36147,0.0,0,0.1634315099204885,0.0016343150992048849,88,196
298,36343,0.0,0,0.2942689207862015,0.002942689207862015,59,196
299,36378,0.0,0,0.2177470285502486,0.002177470285502486,0,35
300,36574,0.0,0,0.2610088290788024,0.0026100882907880243,66,196
301,36770,0.0,0,0.1808417260425843,0.001808417260425843,299,196
302,36843,0.0,0,0.6170338627200096,0.006170338627200096,0,73
303,36939,0.0,0,0.15954501682801686,0.0015954501682801687,0,96
304,37135,0.0,0,0.17019847889917877,0.0017019847889917878,366,196
305,37231,0.0,0,0.16647580877015547,0.0016647580877015547,0,96
306,37427,0.0,0,0.23781849487482357,0.0023781849487482356,137,196
307,37623,0.0,0,0.19720848397439247,0.001972084839743925,224,196
308,37794,0.0,0,0.1333232788439131,0.001333232788439131,0,171
309,37978,0.0,0,0.23549055566067806,0.0023549055566067807,0,184
310,38174,0.0,0,0.30053232635449134,0.0030053232635449136,247,196
311,38223,0.0,0,0.13103809901258995,0.0013103809901258996,0,49
312,38290,0.0,0,0.27383037488465917,0.0027383037488465916,0,67
313,38313,0.0,0,0.14083917373854807,0.0014083917373854807,0,23
314,38509,0.0,0,0.22707095646857547,0.002270709564685755,140,196
315,38705,0.0,0,0.44378500343167504,0.00443785003431675,14,196
316,38901,0.0,0,0.31918042293931487,0.003191804229393149,45,196
317,39097,0.0,0,0.2665973598888027,0.0026659735988880267,82,196
318,39293,0.0,0,0.34417521049278127,0.0034417521049278127,35,196
319,39489,0.0,0,0.17769786968445783,0.0017769786968445784,317,196
320,39515,0.0,0,0.15434679371405563,0.0015434679371405563,0,26
321,39711,0.0,0,0.3720410580113015,0.003720410580113015,27,196
322,39907,0.0,0,0.15779517807893972,0.0015779517807893973,471,196
323,40103,0.0,0,0.16127155253389117,0.0016127155253389117,438,196
324,40241,0.0,0,0.18307769292620601,0.0018307769292620602,0,138
325,40437,0.0,0,0.243446259653129,0.00243446259653129,111,196
326,40633,0.0,0,0.251188643150958,0.0025118864315095803,59,196
327,40829,0.0,0,0.2601255419316442,0.0026012554193164425,89,196
328,41024,0.0,0,0.14345930277656546,0.0014345930277656546,0,195
329,41220,0.0,0,0.18463700167680167,0.0018463700167680166,279,196
330,41416,0.0,0,0.31918042293931487,0.003191804229393149,45,196
331,41425,0.0,0,0.1592300897811508,0.0015923008978115081,0,9
332,41621,0.0,0,0.1760498560108588,0.0017604985601085879,327,196
333,41817,0.0,0,0.2885345571906213,0.0028853455719062135,63,196
334,42013,0.0,0,0.2727444501893924,0.0027274445018939243,76,196
335,42119,0.0,0,0.15769481007392266,0.0015769481007392267,0,106
336,42166,0.0,0,0.18729902171547244,0.0018729902171547245,0,47
337,42362,0.0,0,0.185845138912132,0.0018584513891213201,134,196
338,42558,0.0,0,0.1610512860105202,0.001610512860105202,440,196
339,42754,0.0,0,0.2567172875710254,0.0025671728757102543,93,196
340,42950,0.0,0,0.15425558116260543,0.0015425558116260543,508,196
341,43146,0.0,0,0.5172818579717866,0.005172818579717866,9,196
342,43342,0.0,0,0.15389305166811454,0.0015389305166811453,512,196
343,43538,0.0,0,0.3282198502396035,0.003282198502396035,41,196
344,43734,0.0,0,0.1345582236363188,0.001345582236363188,315,196
345,43930,0.0,0,0.243446259653129,0.00243446259653129,111,196
346,43941,0.0,0,0.1300220769190324,0.001300220769190324,0,11
347,44137,0.0,0,0.2519471451241524,0.002519471451241524,79,196
348,44323,0.0,0,0.1329861764471095,0.001329861764471095,0,186
349,44519,0.0,0,0.2081840811670893,0.002081840811670893,369,196
350,44698,0.0,0,0.2558949079312104,0.002558949079312104,0,179
351,44753,0.0,0,0.1520483939969316,0.001520483939969316,0,55
352,44934,0.0,0,0.1758886626822217,0.001758886626822217,0,181
353,45110,0.0,0,0.12845662775934513,0.0012845662775934513,0,176
354,45128,0.0,0,0.13395928977165497,0.0013395928977165497,0,18
355,45286,0.0,0,0.12395712322206198,0.0012395712322206198,0,158
356,45351,0.0,0,0.1274437758535797,0.001274437758535797,0,65
357,45547,0.0,0,0.2504399381545132,0.0025043993815451323,50,196
358,45548,0.0,0,0.14339285052825904,0.0014339285052825904,0,1
359,45713,0.0,0,0.16402116704356595,0.0016402116704356596,0,165
360,45909,0.0,0,0.1419002772337966,0.001419002772337966,671,196
361,46105,0.0,0,0.5011872336272724,0.005011872336272724,10,196
362,46201,0.0,0,0.12385137273213886,0.0012385137273213888,0,96
363,46397,0.0,0,0.1372952318121105,0.0013729523181211052,749,196
364,46462,0.0,0,0.15719708423750836,0.0015719708423750835,0,65
365,46507,0.0,0,0.20919661506859952,0.002091966150685995,0,45
366,46703,0.0,0,0.5172818579717866,0.005172818579717866,14,196
367,46899,0.0,0,0.20433561867073644,0.0020433561867073645,199,196
368,47095,0.0,0,0.2242302201231555,0.002242302201231555,146,196
369,47291,0.0,0,0.30053232635449134,0.0030053232635449136,174,196
370,47487,0.0,0,0.17477791650115004,0.0017477791650115004,335,196
371,47611,0.0,0,0.12849787246601263,0.0012849787246601264,0,124
372,47807,0.0,0,0.16486242254717973,0.0016486242254717973,407,196
373,48003,0.0,0,0.23664212186565897,0.00236642121865659,122,196
374,48199,0.0,0,0.48705969722582854,0.004870596972258286,26,196
375,48395,0.0,0,0.3854221125344267,0.003854221125344267,24,196
376,48591,0.0,0,0.3384850429756255,0.003384850429756255,37,196
377,48608,0.0,0,0.12336298422926127,0.0012336298422926128,0,17
378,48804,0.0,0,0.226586622672946,0.00226586622672946,542,196
379,48872,0.0,0,0.1527397969696364,0.0015273979696963642,0,68
380,49068,0.0,0,0.19854857093356126,0.0019854857093356128,219,196
381,49264,0.0,0,0.25271567318939697,0.00252715673189397,98,196
382,49460,0.0,0,0.15045903660272908,0.0015045903660272908,552,196
383,49528,0.0,0,0.14696289573681698,0.0014696289573681697,0,68
384,49724,0.0,0,0.2219764572749358,0.0022197645727493583,151,196
385,49856,0.0,0,0.1357918466426475,0.0013579184664264752,0,132
386,50052,0.0,0,0.1379059776536529,0.001379059776536529,380,196
387,50248,0.0,0,0.8122523963562355,0.008122523963562354,2,196
388,50444,0.0,0,0.13176560209543253,0.0013176560209543252,859,196
389,50541,0.0,0,0.16724397544352887,0.0016724397544352887,0,97
390,50622,0.0,0,0.6170338627200096,0.006170338627200096,0,81
391,50818,0.0,0,0.37627727968301555,0.0037627727968301554,39,196
392,50826,0.0,0,0.123571270416795,0.00123571270416795,0,8
393,51022,0.0,0,0.5172818579717866,0.005172818579717866,9,196
394,51142,0.0,0,0.14359260871471108,0.0014359260871471108,0,120
395,51147,0.0,0,0.1433265314610986,0.001433265314610986,0,5
396,51343,0.0,0,0.2727444501893924,0.0027274445018939243,143,196
397,51539,0.0,0,0.1266966676939312,0.0012669666769393121,979,196
398,51643,0.0,0,0.15564885284531596,0.0015564885284531597,0,104
399,51839,0.0,0,0.14831887779920966,0.0014831887779920966,579,196
400,52035,0.0,0,0.40117532357973634,0.004011753235797363,21,196
401,52173,0.0,0,0.36046543250433827,0.003604654325043383,0,138
402,52227,0.0,0,0.13322658598428283,0.0013322658598428282,0,54
403,52423,0.0,0,0.15196291750419486,0.0015196291750419486,225,196
404,52538,0.0,0,0.2031192988052102,0.002031192988052102,0,115
405,52551,0.0,0,0.12800668745109967,0.0012800668745109967,0,13
406,52747,0.0,0,0.14319429098656544,0.0014319429098656545,651,196
407,52943,0.0,0,0.22855137049411559,0.002285513704941156,137,196
408,52981,0.0,0,0.12254477630893479,0.001225447763089348,0,38
409,53017,0.0,0,0.15660869143620737,0.0015660869143620736,0,36
410,53111,0.0,0,0.2819988428128902,0.0028199884281289024,0,94
411,53307,0.0,0,0.22707095646857547,0.002270709564685755,140,196
412,53503,0.0,0,0.2384162822884242,0.002384162822884242,248,196
413,53563,0.0,0,0.14065545689208583,0.0014065545689208583,0,60
414,53673,0.0,0,0.11937096423768118,0.0011937096423768117,0,110
415,53869,0.0,0,0.21164500347722132,0.002116450034772213,184,196
416,54065,0.0,0,0.15078767069248608,0.0015078767069248609,548,196
417,54261,0.0,0,0.14623232756735624,0.0014623232756735625,607,196
418,54323,0.0,0,0.13969284935216167,0.0013969284935216168,0,62
419,54519,0.0,0,0.15933476611362166,0.0015933476611362167,456,196
420,54715,0.0,0,0.12989204750863445,0.0012989204750863445,901,196
421,54891,0.0,0,0.2601255419316442,0.0026012554193164425,0,176
422,55067,0.0,0,0.12161920016448971,0.0012161920016448972,0,176
423,55263,0.0,0,0.14102393496593618,0.0014102393496593618,405,196
424,55330,0.0,0,0.11799632069406324,0.0011799632069406324,0,67
425,55526,0.0,0,0.11339373094288886,0.0011339373094288886,1417,196
426,55541,0.0,0,0.11892471237777999,0.0011892471237778,0,15
427,55737,0.0,0,0.37627727968301555,0.0037627727968301554,9,196
428,55933,0.0,0,0.35030458207263226,0.0035030458207263226,33,196
429,56067,0.0,0,0.11982456429015921,0.0011982456429015921,0,134
430,56110,0.0,0,0.11868964381391739,0.0011868964381391738,0,43
431,56306,0.0,0,0.2845357362430651,0.002845357362430651,56,196
432,56502,0.0,0,0.14202740911956266,0.0014202740911956266,669,196
433,56698,0.0,0,0.1938989673675508,0.001938989673675508,237,196
434,56894,0.0,0,0.19747337152786695,0.0019747337152786694,223,196
435,56983,0.0,0,0.11620292149220399,0.00116202921492204,0,89
436,57179,0.0,0,0.196683291793189,0.00196683291793189,226,196
437,57338,0.0,0,0.16449959876314446,0.0016449959876314447,0,159
438,57534,0.0,0,0.16138217671346136,0.0016138217671346137,294,196
439,57730,0.0,0,0.3282198502396035,0.003282198502396035,41,196
440,57827,0.0,0,0.1415845912056503,0.0014158459120565032,0,97
441,58023,0.0,0,0.12006956340948742,0.0012006956340948742,1171,196
442,58159,0.0,0,0.13779405606223932,0.0013779405606223932,0,136
443,58355,0.0,0,0.16007595361036975,0.0016007595361036975,449,196
444,58545,0.0,0,0.2519471451241524,0.002519471451241524,0,190
445,58630,0.0,0,0.11405007098637517,0.0011405007098637518,0,85
446,58826,0.0,0,0.1401705725447415,0.001401705725447415,699,196
447,59022,0.0,0,0.19992903417885752,0.0019992903417885752,214,196
448,59218,0.0,0,0.12903933341832155,0.0012903933341832155,921,196
449,59414,0.0,0,0.20049301266345448,0.0020049301266345447,212,196
450,59585,0.0,0,0.12608199607968743,0.0012608199607968742,0,171
451,59781,0.0,0,0.12689143621012525,0.0012689143621012525,974,196
452,59977,0.0,0,0.347181299898821,0.00347181299898821,34,196
453,60173,0.0,0,0.13041557836260587,0.0013041557836260588,889,196
454,60369,0.0,0,0.12689143621012525,0.0012689143621012525,974,196
455,60565,0.0,0,0.19221313056420583,0.0019221313056420584,244,196
456,60650,0.0,0,0.11515597640024802,0.0011515597640024803,0,85
457,60846,0.0,0,0.1106618279468402,0.001106618279468402,1537,196
458,61042,0.0,0,0.14065545689208583,0.0014065545689208583,691,196
459,61238,0.0,0,0.1451653229428524,0.001451653229428524,622,196
460,61280,0.0,0,0.12500000000000003,0.0012500000000000002,0,42
461,61394,0.0,0,0.15389305166811454,0.0015389305166811453,0,114
462,61590,0.0,0,0.15769481007392266,0.0015769481007392267,472,196
463,61786,0.0,0,0.2219764572749358,0.0022197645727493583,236,196
464,61928,0.0,0,0.15344503375764004,0.0015344503375764006,0,142
465,62124,0.0,0,0.2795571394891734,0.0027955713948917336,44,196
466,62320,0.0,0,0.24614151349474525,0.0024614151349474527,72,196
467,62516,0.0,0,0.1421550360529551,0.001421550360529551,383,196
468,62618,0.0,0,0.15739535704998045,0.0015739535704998046,0,102
469,62814,0.0,0,0.18138964326336607,0.0018138964326336606,296,196
470,62965,0.0,0,0.13090361655198418,0.001309036165519842,0,151
471,63161,0.0,0,0.2534944642288149,0.002534944642288149,166,196
472,63357,0.0,0,0.19104698834016007,0.0019104698834016007,249,196
473,63553,0.0,0,0.18880351298913586,0.0018880351298913587,259,196
474,63694,0.0,0,0.18815233510921245,0.0018815233510921245,0,141
475,63744,0.0,0,0.15602972471442064,0.0015602972471442066,0,50
476,63896,0.0,0,0.1068778632444198,0.001068778632444198,0,152
477,63970,0.0,0,0.10616383224855618,0.0010616383224855619,0,74
478,64166,0.0,0,0.2619052621141646,0.002619052621141646,87,196
479,64362,0.0,0,0.1503773615422186,0.001503773615422186,553,196
480,64558,0.0,0,0.2665973598888027,0.0026659735988880267,82,196
481,64754,0.0,0,0.22153733325919792,0.002215373332591979,237,196
482,64950,0.0,0,0.2567172875710254,0.0025671728757102543,93,196
483,65117,0.0,0,0.10489801090666864,0.0010489801090666864,0,167
484,65217,0.0,0,0.13847156040735276,0.0013847156040735276,0,100
485,65413,0.0,0,0.2016420014598014,0.0020164200145980143,208,196
486,65609,0.0,0,0.13126357379142378,0.0013126357379142379,870,196
487,65805,0.0,0,0.2583970684992842,0.0025839706849928416,91,196
488,66001,0.0,0,0.12424104993456568,0.0012424104993456568,1045,196
489,66197,0.0,0,0.13346889024066452,0.0013346889024066452,823,196
490,66310,0.0,0,0.10332320362293342,0.0010332320362293342,0,113
491,66506,0.0,0,0.17104455353373402,0.00171044553533734,360,196
492,66702,0.0,0,0.14696289573681698,0.0014696289573681697,755,196
493,66757,0.0,0,0.10719570409011227,0.0010719570409011227,0,55
494,66953,0.0,0,0.17509217192609158,0.001750921719260916,333,196
495,67149,0.0,0,0.29134062629699287,0.0029134062629699287,61,196
496,67345,0.0,0,0.15583878456955053,0.0015583878456955052,771,196
497,67541,0.0,0,0.14530564719338962,0.0014530564719338961,620,196
498,67604,0.0,0,0.12507333531020332,0.0012507333531020333,0,63
499,67688,0.0,0,0.122410676473054,0.00122410676473054,0,84
500,67884,0.0,0,0.1567060950284942,0.001567060950284942,482,196
501,67988,0.0,0,0.13696699086525682,0.0013696699086525683,0,104
502,68184,0.0,0,0.109213503122065,0.0010921350312206501,1606,196
503,68380,0.0,0,0.17324243187812552,0.0017324243187812553,482,196
504,68576,0.0,0,0.1346086609098478,0.001346086609098478,800,196
505,68772,0.0,0,0.11748766728145485,0.0011748766728145485,1259,196
506,68840,0.0,0,0.10786321575989938,0.001078632157598994,0,68
507,69036,0.0,0,0.13893134849145786,0.0013893134849145786,720,196
508,69232,0.0,0,0.14740891708605994,0.0014740891708605994,591,196
509,69309,0.0,0,0.3306602597747843,0.003306602597747843,0,77
510,69505,0.0,0,0.1663492592529701,0.001663492592529701,594,196
511,69701,0.0,0,0.4745102806263551,0.004745102806263551,12,196
512,69897,0.0,0,0.2016420014598014,0.0020164200145980143,505,196
513,70093,0.0,0,0.23722714866171574,0.0023722714866171576,121,196
514,70289,0.0,0,0.14286598775552817,0.0014286598775552818,656,196
515,70485,0.0,0,0.24614151349474525,0.0024614151349474527,85,196
516,70681,0.0,0,0.19341075921543383,0.0019341075921543384,239,196
517,70877,0.0,0,0.13270014938098013,0.0013270014938098014,505,196
518,71073,0.0,0,0.14171050021899664,0.0014171050021899664,674,196
519,71269,0.0,0,0.10198202973640556,0.0010198202973640557,674,196
520,71465,0.0,0,0.18729902171547244,0.0018729902171547245,266,196
521,71661,0.0,0,0.1335663484007087,0.001335663484007087,821,196
522,71857,0.0,0,0.1401705725447415,0.001401705725447415,2045,196
523,72053,0.0,0,0.18326949791536795,0.0018326949791536795,545,196
524,72249,0.0,0,0.1341079408854154,0.0013410794088541539,810,196
525,72445,0.0,0,0.14426729285030312,0.0014426729285030313,267,196
526,72641,0.0,0,0.14273557599094006,0.0014273557599094005,658,196
527,72682,0.0,0,0.10110416599149084,0.0010110416599149084,0,41
528,72878,0.0,0,0.15239239637031693,0.0015239239637031693,529,196
529,73074,0.0,0,0.12551729979344564,0.0012551729979344564,1010,196
530,73233,0.0,0,0.1148751378909582,0.001148751378909582,0,159
531,73429,0.0,0,0.325855617936629,0.0032585561793662897,42,196
532,73625,0.0,0,0.122410676473054,0.00122410676473054,1098,196
533,73821,0.0,0,0.1485502048305003,0.001485502048305003,576,196
534,74017,0.0,0,0.18138964326336607,0.0018138964326336606,296,196
535,74213,0.0,0,0.11751567721658597,0.0011751567721658598,769,196
536,74409,0.0,0,0.15564885284531596,0.0015564885284531597,493,196
537,74605,0.0,0,0.11976365201850596,0.0011976365201850597,1181,196
538,74801,0.0,0,0.1401104693813323,0.0014011046938133228,700,196
539,74997,0.0,0,0.41340328157583217,0.004134032815758322,19,196
540,75193,0.0,0,0.1278851556126615,0.0012788515561266151,949,196
541,75389,0.0,0,0.17837611413784826,0.0017837611413784827,313,196
542,75585,0.0,0,0.29134062629699287,0.0029134062629699287,61,196
543,75781,0.0,0,0.14824211479845928,0.0014824211479845927,580,196
544,75977,0.0,0,0.2550838236918635,0.002550838236918635,95,196
545,76173,0.0,0,0.1669862138553884,0.001669862138553884,109,196
546,76355,0.0,0,0.12353645016262173,0.0012353645016262172,0,182
547,76551,0.0,0,0.15471399639985348,0.0015471399639985348,503,196
548,76747,0.0,0,0.17803559235153663,0.0017803559235153664,315,196
549,76943,0.0,0,0.12284884524277132,0.0012284884524277132,1085,196
550,77031,0.0,0,0.11176522826574857,0.0011176522826574858,0,88
551,77227,0.0,0,0.35030458207263226,0.0035030458207263226,33,196
552,77423,0.0,0,0.1354788405990028,0.001354788405990028,783,196
553,77619,0.0,0,0.2727444501893924,0.0027274445018939243,53,196
554,77815,0.0,0,0.2583970684992842,0.0025839706849928416,117,196
555,77938,0.0,0,0.12298504144276963,0.0012298504144276964,0,123
556,78134,0.0,0,0.12804730945299672,0.0012804730945299673,945,196
557,78330,0.0,0,0.2177470285502486,0.002177470285502486,161,196
558,78526,0.0,0,0.17279303261634427,0.0017279303261634427,348,196
559,78722,0.0,0,0.23492378861760382,0.0023492378861760385,125,196
560,78918,0.0,0,0.1197332461474298,0.0011973324614742982,1182,196
561,79114,0.0,0,0.13568716316738025,0.0013568716316738024,471,196
562,79310,0.0,0,0.149891310837715,0.00149891310837715,559,196
563,79506,0.0,0,0.12993532803053964,0.0012993532803053964,900,196
564,79702,0.0,0,0.12870496054570682,0.0012870496054570681,929,196
565,79898,0.0,0,0.23963168495428427,0.0023963168495428427,117,196
566,79902,0.0,0,0.10538248368648262,0.0010538248368648262,0,4
567,80098,0.0,0,0.16842565190886638,0.0016842565190886638,379,196
568,80277,0.0,0,0.11958171683990032,0.0011958171683990031,0,179
569,80473,0.0,0,0.12489034546227563,0.0012489034546227563,712,196
570,80669,0.0,0,0.23492378861760382,0.0023492378861760385,125,196
571,80865,0.0,0,0.6597539553864472,0.006597539553864472,45,196
572,81061,0.0,0,0.09929293485645928,0.0009929293485645928,2206,196
573,81257,0.0,0,0.16366626949988128,0.0016366626949988127,417,196
574,81453,0.0,0,0.12984882938864548,0.0012984882938864549,898,196
575,81590,0.0,0,0.12708750887243972,0.0012708750887243973,0,137
576,81786,0.0,0,0.11934098785030882,0.0011934098785030883,978,196
577,81982,0.0,0,0.14379357840757043,0.0014379357840757043,642,196
578,82178,0.0,0,0.1810235680536767,0.001810235680536767,112,196
579,82374,0.0,0,0.1276035134066782,0.001276035134066782,956,196
580,82570,0.0,0,0.122410676473054,0.00122410676473054,1098,196
581,82766,0.0,0,0.12284884524277132,0.0012284884524277132,1085,196
582,82787,0.0,0,0.10561074355669886,0.0010561074355669886,0,21
583,82983,0.0,0,0.11000088582439436,0.0011000088582439438,1568,196
584,83179,0.0,0,0.31306003451477077,0.0031306003451477076,48,196
585,83209,0.0,0,0.10488088609836524,0.0010488088609836525,0,30
586,83405,0.0,0,0.12638771267679508,0.0012638771267679508,987,196
587,83595,0.0,0,0.16308208854962522,0.0016308208854962523,0,190
588,83791,0.0,0,0.16094164024930613,0.0016094164024930612,441,196
589,83987,0.0,0,0.16882767767086676,0.0016882767767086677,818,196
590,84183,0.0,0,0.1234322439000672,0.001234322439000672,1068,196
591,84379,0.0,0,0.18772357743515708,0.0018772357743515708,264,196
592,84575,0.0,0,0.21694203949030308,0.002169420394903031,163,196
593,84624,0.0,0,0.09883837453095404,0.0009883837453095404,0,49
594,84768,0.0,0,0.10931571517979669,0.001093157151797967,0,144
595,84859,0.0,0,0.15239239637031693,0.0015239239637031693,0,91
596,85055,0.0,0,0.12211126034345302,0.00122111260343453,1107,196
597,85251,0.0,0,0.12181499216696398,0.0012181499216696399,1116,196
598,85399,0.0,0,0.10340355871529244,0.0010340355871529244,0,148
599,85595,0.0,0,0.1405944482262026,0.001405944482262026,692,196
600,85791,0.0,0,0.13085892174879324,0.0013085892174879324,879,196
601,85987,0.0,0,0.3074177553405018,0.003074177553405018,51,196
602,86065,0.0,0,0.10856899827423047,0.0010856899827423048,0,78
603,86261,0.0,0,0.1315363774998045,0.001315363774998045,864,196
604,86457,0.0,0,0.10508718727837656,0.0010508718727837655,1826,196
605,86488,0.0,0,0.09823746163663467,0.0009823746163663467,0,31
606,86684,0.0,0,0.13939782638510403,0.0013939782638510403,621,196
607,86880,0.0,0,0.12119961535692973,0.0012119961535692974,1135,196
608,87076,0.0,0,0.13227605813205912,0.0013227605813205911,848,196
609,87272,0.0,0,0.1179678111318278,0.0011796781113182781,1242,196
610,87468,0.0,0,0.12097626410316765,0.0012097626410316766,1110,196
611,87664,0.0,0,0.11895423810754877,0.0011895423810754876,1208,196
612,87860,0.0,0,0.1419002772337966,0.001419002772337966,671,196
613,88056,0.0,0,0.23007453899272917,0.0023007453899272917,134,196
614,88100,0.0,0,0.10413917054942555,0.0010413917054942555,0,44
615,88296,0.0,0,0.16402116704356595,0.0016402116704356596,414,196
616,88492,0.0,0,0.15602972471442064,0.0015602972471442066,1322,196
617,88688,0.0,0,0.12581710370057173,0.0012581710370057173,1002,196
618,88884,0.0,0,0.1443355204785989,0.001443355204785989,634,196
619,89080,0.0,0,0.11685131185346197,0.0011685131185346198,1282,196
620,89276,0.0,0,0.13270014938098013,0.0013270014938098014,839,196
621,89425,0.0,0,0.15631804656206372,0.0015631804656206373,0,149
622,89621,0.0,0,0.20495576192445353,0.0020495576192445355,197,196
623,89817,0.0,0,0.11979409137764596,0.0011979409137764596,203,196
624,90013,0.0,0,0.1415845912056503,0.0014158459120565032,676,196
625,90153,0.0,0,0.15005257114642065,0.0015005257114642065,0,140
626,90349,0.0,0,0.2567172875710254,0.0025671728757102543,93,196
627,90409,0.0,0,0.09656095740790739,0.000965609574079074,0,60
628,90593,0.0,0,0.09531623495071406,0.0009531623495071407,0,184
629,90789,0.0,0,0.1200081100665284,0.001200081100665284,1173,196
630,90985,0.0,0,0.20526891114486695,0.0020526891114486696,196,196
631,91181,0.0,0,0.40709053153690444,0.004070905315369045,43,196
632,91377,0.0,0,0.11785407058523055,0.0011785407058523055,478,196
633,91403,0.0,0,0.1046424032642795,0.001046424032642795,0,26
634,91599,0.0,0,0.1768655457393891,0.001768655457393891,322,196
635,91795,0.0,0,0.24214553588947263,0.0024214553588947263,380,196
636,91895,0.0,0,0.2807664900503806,0.002807664900503806,0,100
637,91908,0.0,0,0.09516967812626204,0.0009516967812626204,0,13
638,92104,0.0,0,0.17753004534638323,0.0017753004534638323,318,196
639,92154,0.0,0,0.09461495259387483,0.0009461495259387483,0,50
640,92350,0.0,0,0.1621658726062143,0.001621658726062143,430,196
641,92546,0.0,0,0.21734291906483147,0.0021734291906483146,159,196
642,92742,0.0,0,0.26373898002853097,0.0026373898002853098,85,196
643,92938,0.0,0,0.23007453899272917,0.0023007453899272917,134,196
644,93134,0.0,0,0.22707095646857547,0.002270709564685755,140,196
645,93306,0.0,0,0.2193967067290282,0.002193967067290282,0,172
646,93502,0.0,0,0.1311731822204901,0.001311731822204901,245,196
647,93576,0.0,0,0.09352529655930865,0.0009352529655930865,0,74
648,93772,0.0,0,0.2384162822884242,0.002384162822884242,73,196
649,93968,0.0,0,0.09212383849795258,0.0009212383849795258,2832,196
650,94164,0.0,0,0.5577898253032461,0.005577898253032461,7,196
651,94360,0.0,0,0.10244130114847441,0.0010244130114847442,1988,196
652,94556,0.0,0,0.12903933341832155,0.0012903933341832155,280,196
653,94752,0.0,0,0.11647118646192989,0.0011647118646192988,1296,196
654,94948,0.0,0,0.2927889113552356,0.0029278891135523562,60,196
655,95119,0.0,0,0.1917429778514668,0.0019174297785146679,0,171
656,95228,0.0,0,0.1212637591219222,0.001212637591219222,0,109
657,95424,0.0,0,0.4530661222656876,0.0045306612226568765,6,196
658,95620,0.0,0,0.10708305743999164,0.0010708305743999163,502,196
659,95816,0.0,0,0.2550838236918635,0.002550838236918635,95,196
660,95897,0.0,0,0.1013537528115735,0.0010135375281157349,0,81
661,96093,0.0,0,0.1663492592529701,0.001663492592529701,379,196
662,96289,0.0,0,0.226586622672946,0.00226586622672946,141,196
663,96485,0.0,0,0.26373898002853097,0.0026373898002853098,85,196
664,96681,0.0,0,0.21164500347722132,0.002116450034772213,177,196
665,96877,0.0,0,0.1143471210510105,0.001143471210510105,1378,196
666,97073,0.0,0,0.16414020991751008,0.0016414020991751008,413,196
667,97269,0.0,0,0.1234322439000672,0.001234322439000672,1041,196
668,97465,0.0,0,0.10049876224987503,0.0010049876224987504,2119,196
669,97661,0.0,0,0.12244414182618132,0.0012244414182618134,1097,196
670,97857,0.0,0,0.4632516707503672,0.0046325167075036726,13,196
671,98053,0.0,0,0.13279519548821747,0.0013279519548821748,837,196
672,98249,0.0,0,0.13108305976469448,0.0013108305976469448,874,196
673,98445,0.0,0,0.11952133726780513,0.0011952133726780513,1189,196
674,98641,0.0,0,0.2957819051486562,0.002957819051486562,44,196
675,98837,0.0,0,0.1344575942305579,0.001344575942305579,803,196
676,99033,0.0,0,0.09866693614509062,0.0009866693614509062,2253,196
677,99044,0.0,0,0.12211126034345302,0.00122111260343453,0,11
678,99240,0.0,0,0.12903933341832155,0.0012903933341832155,1284,196
679,99436,0.0,0,0.2871745887492588,0.002871745887492588,64,196
680,99632,0.0,0,0.18307769292620601,0.0018307769292620602,287,196
681,99828,0.0,0,0.24970080845777748,0.0024970080845777747,102,196
682,100024,0.0,0,0.15078767069248608,0.0015078767069248609,548,196
683,100120,0.0,0,0.09743951081568102,0.0009743951081568102,0,96
684,100316,0.0,0,0.11712614961721167,0.0011712614961721167,1104,196
685,100512,0.0,0,0.22855137049411559,0.002285513704941156,137,196
686,100708,0.0,0,0.11122967306173855,0.0011122967306173854,1511,196
687,100904,0.0,0,0.15045903660272908,0.0015045903660272908,1418,196
688,101100,0.0,0,0.11591089721160809,0.0011591089721160808,1317,196
689,101169,0.0,0,0.09594730156624391,0.0009594730156624391,0,69
690,101244,0.0,0,0.10022999062547502,0.0010022999062547502,0,75
691,101295,0.0,0,0.09138541399574779,0.0009138541399574779,0,51
692,101491,0.0,0,0.11580549165415478,0.001158054916541548,1321,196
693,101687,0.0,0,0.30219124091258887,0.003021912409125889,54,196
694,101883,0.0,0,0.18880351298913586,0.0018880351298913587,259,196
695,102036,0.0,0,0.09834083331664954,0.0009834083331664955,0,153
696,102232,0.0,0,0.23963168495428427,0.0023963168495428427,71,196
697,102428,0.0,0,0.11219724251032832,0.0011219724251032832,1468,196
698,102604,0.0,0,0.2795571394891734,0.0027955713948917336,0,176
699,102800,0.0,0,0.11663344052756733,0.0011663344052756733,993,196
700,102825,0.0,0,0.09801935008588966,0.0009801935008588965,0,25
701,102828,0.0,0,0.09953728821787113,0.0009953728821787112,0,3
702,103024,0.0,0,0.15719708423750836,0.0015719708423750835,477,196
703,103032,0.0,0,0.09585438182376055,0.0009585438182376055,0,8
704,103228,0.0,0,0.08961516704146744,0.0008961516704146744,3105,196
705,103424,0.0,0,0.15013348384952077,0.0015013348384952077,950,196
706,103620,0.0,0,0.12748362902073018,0.0012748362902073019,959,196
707,103635,0.0,0,0.0978286297383314,0.000978286297383314,0,15
708,103732,0.0,0,0.21856512352906937,0.002185651235290694,0,97
709,103928,0.0,0,0.1646201555042078,0.0016462015550420782,409,196
710,104124,0.0,0,0.1956508095326541,0.001956508095326541,510,196
711,104320,0.0,0,0.1340087608020591,0.001340087608020591,812,196
712,104516,0.0,0,0.1142477319211779,0.001142477319211779,1382,196
713,104712,0.0,0,0.21164500347722132,0.002116450034772213,177,196
714,104733,0.0,0,0.09925246127060626,0.0009925246127060626,0,21
715,104820,0.0,0,0.09414890402392996,0.0009414890402392996,0,87
716,105016,0.0,0,0.16414020991751008,0.0016414020991751008,413,196
717,105173,0.0,0,0.09335923803410828,0.0009335923803410829,0,157
718,105182,0.0,0,0.12003881969676353,0.0012003881969676353,0,9
719,105378,0.0,0,0.20106395062445387,0.0020106395062445387,210,196
720,105574,0.0,0,0.14523541162947803,0.0014523541162947803,621,196
721,105770,0.0,0,0.11922140760094976,0.0011922140760094976,1199,196
722,105934,0.0,0,0.2321758233365885,0.0023217582333658854,0,164
723,106130,0.0,0,0.11866040150704302,0.00118660401507043,1218,196
724,106161,0.0,0,0.09742706987611714,0.0009742706987611715,0,31
725,106357,0.0,0,0.2146021104530066,0.002146021104530066,169,196
726,106553,0.0,0,0.15230607949828232,0.0015230607949828232,530,196
727,106749,0.0,0,0.2832549833338056,0.0028325498333380563,109,196
728,106945,0.0,0,0.11397632904158077,0.0011397632904158077,1393,196
729,107141,0.0,0,0.09579650455016991,0.0009579650455016992,2486,196
730,107337,0.0,0,0.12424104993456568,0.0012424104993456568,579,196
731,107381,0.0,0,0.09532754912200997,0.0009532754912200997,0,44
732,107577,0.0,0,0.14399577266742516,0.0014399577266742518,639,196
733,107773,0.0,0,0.23436288550966747,0.002343628855096675,126,196
734,107969,0.0,0,0.1961641071524042,0.001961641071524042,228,196
735,108165,0.0,0,0.14171050021899664,0.0014171050021899664,1078,196
736,108361,0.0,0,0.36800404351813193,0.0036800404351813192,68,196
737,108557,0.0,0,0.11754371611176699,0.0011754371611176699,1257,196
738,108753,0.0,0,0.13835763886114869,0.0013835763886114868,1532,196
739,108949,0.0,0,0.12406326610755206,0.0012406326610755207,1563,196
740,109145,0.0,0,0.12013115335050942,0.001201311533505094,1169,196
741,109341,0.0,0,0.11016981508609965,0.0011016981508609966,1184,196
742,109453,0.0,0,0.09635846868054579,0.000963584686805458,0,112
743,109649,0.0,0,0.14447239637219472,0.0014447239637219473,632,196
744,109845,0.0,0,0.12028572935844249,0.0012028572935844249,1164,196
745,110041,0.0,0,0.23722714866171574,0.0023722714866171576,121,196
746,110237,0.0,0,0.2749352872876952,0.0027493528728769518,74,196
747,110433,0.0,0,0.09083659178879672,0.0009083659178879672,2968,196
748,110629,0.0,0,0.11510469339172084,0.0011510469339172085,1222,196
749,110825,0.0,0,0.2016420014598014,0.0020164200145980143,211,196
750,110849,0.0,0,0.09607570620264291,0.0009607570620264291,0,24
751,111045,0.0,0,0.10786321575989938,0.001078632157598994,541,196
752,111241,0.0,0,0.24024956125580876,0.0024024956125580877,141,196
753,111437,0.0,0,0.41340328157583217,0.004134032815758322,31,196
754,111633,0.0,0,0.1251836887983485,0.0012518368879834852,1019,196
755,111829,0.0,0,0.12197920045079243,0.0012197920045079243,1111,196
756,112025,0.0,0,0.13322658598428283,0.0013322658598428282,828,196
757,112154,0.0,0,0.08710055954241971,0.0008710055954241971,0,129
758,112350,0.0,0,0.12784475593919192,0.0012784475593919193,3574,196
759,112546,0.0,0,0.2942689207862015,0.002942689207862015,59,196
760,112618,0.0,0,0.09352529655930865,0.0009352529655930865,0,72
761,112728,0.0,0,0.09499063296727951,0.0009499063296727952,0,110
762,112924,0.0,0,0.1295480365189059,0.001295480365189059,909,196
763,113032,0.0,0,0.0901679585404555,0.0009016795854045551,0,108
764,113228,0.0,0,0.2772044840128144,0.002772044840128144,72,196
765,113424,0.0,0,0.13041557836260587,0.0013041557836260588,889,196
766,113620,0.0,0,0.13637393408444526,0.0013637393408444526,766,196
767,113663,0.0,0,0.08987656463569732,0.0008987656463569732,0,43
768,113859,0.0,0,0.14839581334589408,0.0014839581334589408,578,196
769,114055,0.0,0,0.1438608397804143,0.001438608397804143,641,196
770,114251,0.0,0,0.11776907622646086,0.0011776907622646088,1249,196
771,114447,0.0,0,0.12748362902073018,0.0012748362902073019,1328,196
772,114643,0.0,0,0.20342043990931075,0.0020342043990931075,202,196
773,114839,0.0,0,0.14228316145476855,0.0014228316145476856,655,196
774,115035,0.0,0,0.128913502665658,0.0012891350266565798,924,196
775,115231,0.0,0,0.3569369364716288,0.0035693693647162877,31,196
776,115427,0.0,0,0.24150634461947598,0.00241506344619476,35,196
777,115623,0.0,0,0.14740891708605994,0.0014740891708605994,591,196
778,115819,0.0,0,0.15179258713416643,0.0015179258713416644,536,196
779,116015,0.0,0,0.11666057825879174,0.0011666057825879175,1289,196
780,116211,0.0,0,0.11848560069392775,0.0011848560069392775,642,196
781,116407,0.0,0,0.24897103951037328,0.0024897103951037327,40,196
782,116603,0.0,0,0.2075207167537587,0.002075207167537587,61,196
783,116799,0.0,0,0.1443355204785989,0.001443355204785989,660,196
784,116915,0.0,0,0.11510469339172084,0.0011510469339172085,0,116
785,117111,0.0,0,0.14293138762413674,0.0014293138762413674,1518,196
786,117307,0.0,0,0.08870892962535651,0.0008870892962535651,3212,196
787,117503,0.0,0,0.0846075267593249,0.0008460752675932489,3761,196
788,117699,0.0,0,0.14831887779920966,0.0014831887779920966,579,196
789,117895,0.0,0,0.2706273090414836,0.0027062730904148357,78,196
790,118091,0.0,0,0.15170773147752906,0.0015170773147752906,537,196
791,118223,0.0,0,0.09131954608429033,0.0009131954608429032,0,132
792,118419,0.0,0,0.1456590473649263,0.001456590473649263,1263,196
793,118615,0.0,0,0.13010907733787022,0.0013010907733787022,896,196
794,118693,0.0,0,0.09059922052075658,0.0009059922052075659,0,78
795,118889,0.0,0,0.16007595361036975,0.0016007595361036975,449,196
796,119085,0.0,0,0.21422261854072366,0.0021422261854072366,170,196
797,119281,0.0,0,0.3170827751173751,0.003170827751173751,106,196
798,119477,0.0,0,0.2807664900503806,0.002807664900503806,142,196
799,119673,0.0,0,0.10496663152292526,0.0010496663152292527,1673,196
800,119869,0.0,0,0.08365277037647179,0.0008365277037647178,3906,196
801,120065,0.0,0,0.1070269260593373,0.001070269260593373,1718,196
802,120261,0.0,0,0.12634932223812634,0.0012634932223812634,1430,196
803,120457,0.0,0,0.10974958176775254,0.0010974958176775255,1580,196
804,120653,0.0,0,0.13893134849145786,0.0013893134849145786,1889,196
805,120849,0.0,0,0.11785407058523055,0.0011785407058523055,1246,196
806,120901,0.0,0,0.12194628203008342,0.0012194628203008344,0,52
807,121097,0.0,0,0.12392182958612297,0.0012392182958612297,707,196
808,121145,0.0,0,0.0901679585404555,0.0009016795854045551,0,48
809,121341,0.0,0,0.11012747735646491,0.0011012747735646491,1562,196
810,121429,0.0,0,0.1785474375757092,0.0017854743757570921,0,88
811,121625,0.0,0,0.10813532095081271,0.0010813532095081272,1660,196
812,121686,0.0,0,0.08820967021527976,0.0008820967021527976,0,61
813,121882,0.0,0,0.11249704167769524,0.0011249704167769525,1455,196
814,122078,0.0,0,0.09380844920431217,0.0009380844920431217,2666,196
815,122274,0.0,0,0.11074837269524031,0.001107483726952403,1533,196
816,122470,0.0,0,0.12201215741245836,0.0012201215741245836,1110,196
817,122666,0.0,0,0.2957819051486562,0.002957819051486562,58,196
818,122862,0.0,0,0.08220531496688155,0.0008220531496688155,4140,196
819,123058,0.0,0,0.13395928977165497,0.0013395928977165497,1459,196
820,123229,0.0,0,0.11172017071945779,0.001117201707194578,0,171
821,123245,0.0,0,0.08211024317698337,0.0008211024317698337,0,16
822,123310,0.0,0,0.08962382732472285,0.0008962382732472285,0,65
823,123433,0.0,0,0.08157842601056181,0.0008157842601056181,0,123
824,123629,0.0,0,0.10899008568882014,0.0010899008568882014,1617,196
825,123825,0.0,0,0.1306364350827416,0.001306364350827416,884,196
826,124021,0.0,0,0.24683585245530354,0.0024683585245530355,126,196
827,124217,0.0,0,0.12158670048761362,0.0012158670048761362,1123,196
828,124413,0.0,0,0.13898928886909628,0.0013898928886909628,148,196
829,124609,0.0,0,0.11125176655200748,0.001112517665520075,1510,196
830,124805,0.0,0,0.1460880904006607,0.001460880904006607,609,196
831,125001,0.0,0,0.13893134849145786,0.0013893134849145786,640,196
832,125197,0.0,0,0.14183689587396953,0.0014183689587396952,672,196
833,125393,0.0,0,0.13637393408444526,0.0013637393408444526,766,196
834,125589,0.0,0,0.11361069158990662,0.0011361069158990662,1408,196
835,125785,0.0,0,0.11194624941587475,0.0011194624941587474,1479,196
836,125981,0.0,0,0.11346585164012392,0.0011346585164012392,1414,196
837,126177,0.0,0,0.11094417624639377,0.0011094417624639378,1524,196
838,126373,0.0,0,0.1388735126340587,0.001388735126340587,721,196
839,126569,0.0,0,0.11127387907135455,0.0011127387907135455,1509,196
840,126765,0.0,0,0.11305977318695004,0.0011305977318695004,1049,196
841,126957,0.0,0,0.09273764631318922,0.0009273764631318921,0,192
842,127153,0.0,0,0.30563212211693486,0.0030563212211693488,52,196
843,127189,0.0,0,0.08800053355752886,0.0008800053355752886,0,36
844,127240,0.0,0,0.08759646047034979,0.0008759646047034979,0,51
845,127436,0.0,0,0.08710055954241971,0.0008710055954241971,3414,196
846,127632,0.0,0,0.09128199949657245,0.0009128199949657245,2920,196
847,127828,0.0,0,0.10573454428689334,0.0010573454428689335,1789,196
848,128024,0.0,0,0.11134033109434611,0.001113403310943461,1506,196
849,128033,0.0,0,0.08703179289057027,0.0008703179289057027,0,9
850,128072,0.0,0,0.08731601642083159,0.0008731601642083159,0,39
851,128268,0.0,0,0.298912166216387,0.00298912166216387,56,196
852,128464,0.0,0,0.13506631616174983,0.0013506631616174982,1397,196
853,128534,0.0,0,0.09063556439966389,0.0009063556439966389,0,70
854,128730,0.0,0,0.3641502400922841,0.003641502400922841,61,196
855,128884,0.0,0,0.13190397109609342,0.0013190397109609342,0,154
856,129080,0.0,0,0.10813532095081271,0.0010813532095081272,1660,196
857,129127,0.0,0,0.08705468896580117,0.0008705468896580117,0,47
858,129323,0.0,0,0.12113561836115172,0.0012113561836115173,760,196
859,129519,0.0,0,0.1249634021346714,0.001249634021346714,1695,196
860,129715,0.0,0,0.3111294892118257,0.003111294892118257,147,196
861,129911,0.0,0,0.08032476461032083,0.0008032476461032083,4472,196
862,130107,0.0,0,0.11734805016064306,0.0011734805016064306,1264,196
863,130184,0.0,0,0.0864529041298771,0.0008645290412987711,0,77
864,130380,0.0,0,0.2601255419316442,0.0026012554193164425,30,196
865,130442,0.0,0,0.1217495764209114,0.001217495764209114,0,62
866,130638,0.0,0,0.11134033109434611,0.001113403310943461,1506,196
867,130669,0.0,0,0.1455172406178095,0.0014551724061780949,0,31
868,130865,0.0,0,0.10825285236277528,0.0010825285236277528,715,196
869,131024,0.0,0,0.15583878456955053,0.0015583878456955052,0,159
870,131220,0.0,0,0.12976257971898317,0.0012976257971898317,904,196
871,131249,0.0,0,0.08692528842051979,0.0008692528842051979,0,29
872,131445,0.0,0,0.12388657945441024,0.0012388657945441024,1626,196
873,131641,0.0,0,0.11726462404575912,0.0011726462404575912,1267,196
874,131665,0.0,0,0.08019588958567352,0.0008019588958567352,0,24
875,131861,0.0,0,0.1095007467711154,0.0010950074677111541,1592,196
876,132028,0.0,0,0.2807664900503806,0.002807664900503806,0,167
877,132224,0.0,0,0.10506992827588563,0.0010506992827588563,824,196
878,132420,0.0,0,0.2610088290788024,0.0026100882907880243,88,196
879,132616,0.0,0,0.10472730586978378,0.0010472730586978379,1847,196
880,132812,0.0,0,0.24477781323317327,0.0024477781323317327,109,196
881,133008,0.0,0,0.10554028156413937,0.0010554028156413938,1800,196
882,133204,0.0,0,0.2795571394891734,0.0027955713948917336,70,196
883,133400,0.0,0,0.2022273234656037,0.002022273234656037,206,196
884,133596,0.0,0,0.10311553948984833,0.0010311553948984835,1538,196
885,133792,0.0,0,0.22377151365551431,0.002237715136555143,147,196
886,133988,0.0,0,0.11898379562880483,0.0011898379562880483,1207,196
887,134184,0.0,0,0.10585897635389459,0.0010585897635389458,1782,196
888,134380,0.0,0,0.2832549833338056,0.0028325498333380563,67,196
889,134576,0.0,0,0.10578779467730781,0.0010578779467730782,1786,196
890,134772,0.0,0,0.13313019627385256,0.0013313019627385256,830,196
891,134968,0.0,0,0.22241937819519075,0.0022241937819519075,74,196
892,135082,0.0,0,0.09009694147112891,0.0009009694147112891,0,114
893,135278,0.0,0,0.1961641071524042,0.001961641071524042,228,196
894,135474,0.0,0,0.11788246117655361,0.0011788246117655362,1245,196
895,135670,0.0,0,0.1030361485561799,0.0010303614855617991,1907,196
896,135831,0.0,0,0.08677411362027267,0.0008677411362027267,0,161
897,136027,0.0,0,0.08669145126615772,0.0008669145126615772,680,196
898,136223,0.0,0,0.2055841442936809,0.0020558414429368093,195,196
899,136419,0.0,0,0.23380773984485034,0.0023380773984485034,127,196
900,136476,0.0,0,0.3074177553405018,0.003074177553405018,0,57
901,136672,0.0,0,0.15881434303019495,0.0015881434303019496,1352,196
902,136868,0.0,0,0.1527397969696364,0.0015273979696963642,212,196
903,137064,0.0,0,0.1707605043480283,0.001707605043480283,362,196
904,137260,0.0,0,0.2858419678145972,0.002858419678145972,144,196
905,137456,0.0,0,0.11718145433348552,0.0011718145433348552,1270,196
906,137652,0.0,0,0.13081429299829853,0.0013081429299829854,880,196
907,137848,0.0,0,0.10422231564041255,0.0010422231564041257,1877,196
908,138010,0.0,0,0.3111294892118257,0.003111294892118257,0,162
909,138206,0.0,0,0.12627269268506286,0.0012627269268506286,990,196
910,138308,0.0,0,0.3384850429756255,0.003384850429756255,0,102
911,138504,0.0,0,0.10501822486423033,0.0010501822486423033,1954,196
912,138700,0.0,0,0.10330716504289242,0.0010330716504289243,2016,196
913,138838,0.0,0,0.07948726713728917,0.0007948726713728917,0,138
914,138893,0.0,0,0.07922144372107352,0.0007922144372107352,0,55
915,139089,0.0,0,0.1018309076540642,0.001018309076540642,2028,196
916,139154,0.0,0,0.0854980575580874,0.000854980575580874,0,65
917,139195,0.0,0,0.1315820842436094,0.001315820842436094,0,41
918,139391,0.0,0,0.11910234484345421,0.0011910234484345421,1203,196
919,139587,0.0,0,0.22067024833400598,0.00220670248334006,154,196
920,139719,0.0,0,0.40117532357973634,0.004011753235797363,0,132
921,139915,0.0,0,0.11068343666194454,0.0011068343666194454,1536,196
922,140111,0.0,0,0.10345190198948231,0.0010345190198948232,1924,196
923,140307,0.0,0,0.20193374347599952,0.0020193374347599953,207,196
924,140503,0.0,0,0.226586622672946,0.00226586622672946,141,196
925,140699,0.0,0,0.22377151365551431,0.002237715136555143,143,196
926,140895,0.0,0,0.13317835334057312,0.0013317835334057313,829,196
927,141091,0.0,0,0.1801221870115767,0.001801221870115767,181,196
928,141287,0.0,0,0.15631804656206372,0.0015631804656206373,486,196
929,141483,0.0,0,0.10966636455434062,0.0010966636455434062,1622,196
930,141537,0.0,0,0.08514808102464436,0.0008514808102464436,0,54
931,141733,0.0,0,0.1509531594325367,0.001509531594325367,546,196
932,141929,0.0,0,0.2242302201231555,0.002242302201231555,146,196
933,142125,0.0,0,0.18772357743515708,0.0018772357743515708,264,196
934,142149,0.0,0,0.08651227435201646,0.0008651227435201646,0,24
935,142345,0.0,0,0.24214553588947263,0.0024214553588947263,113,196
936,142411,0.0,0,0.13050372681042424,0.0013050372681042424,0,66
937,142607,0.0,0,0.07843186904902516,0.0007843186904902517,4842,196
938,142803,0.0,0,0.10589464513127837,0.0010589464513127836,1780,196
939,142999,0.0,0,0.08393755588578597,0.0008393755588578597,3862,196
940,143195,0.0,0,0.09893122417678826,0.0009893122417678826,2233,196
941,143391,0.0,0,0.10214939252388792,0.0010214939252388793,2007,196
942,143587,0.0,0,0.13626729469616888,0.0013626729469616889,949,196
943,143622,0.0,0,0.08979779842454556,0.0008979779842454556,0,35
944,143818,0.0,0,0.1460162025370268,0.001460162025370268,610,196
945,144014,0.0,0,0.09931995702030524,0.0009931995702030525,2204,196
946,144210,0.0,0,0.3384850429756255,0.003384850429756255,37,196
947,144406,0.0,0,0.11556983885277691,0.0011556983885277691,1741,196
948,144602,0.0,0,0.20282008004191912,0.0020282008004191914,204,196
949,144798,0.0,0,0.1298056735115693,0.001298056735115693,903,196
950,144994,0.0,0,0.12650318805508115,0.0012650318805508115,984,196
951,145190,0.0,0,0.10627234117261991,0.0010627234117261992,1337,196
952,145386,0.0,0,0.08310175716822453,0.0008310175716822454,3993,196
953,145582,0.0,0,0.10827249481997409,0.001082724948199741,1653,196
954,145778,0.0,0,0.09881191532054044,0.0009881191532054045,2242,196
955,145974,0.0,0,0.1063631334891532,0.001063631334891532,1754,196
956,146170,0.0,0,0.0965849011106168,0.0009658490111061679,2090,196
957,146366,0.0,0,0.10457469544144551,0.0010457469544144552,1411,196
958,146402,0.0,0,0.0894856963098078,0.0008948569630980779,0,36
959,146598,0.0,0,0.2927889113552356,0.0029278891135523562,227,196
960,146794,0.0,0,0.16842565190886638,0.0016842565190886638,379,196
961,146990,0.0,0,0.3357878061215012,0.003357878061215012,38,196
962,147186,0.0,0,0.09911806368805269,0.000991180636880527,1153,196
963,147283,0.0,0,0.1768655457393891,0.001768655457393891,0,97
964,147479,0.0,0,0.09894451929973254,0.0009894451929973254,2232,196
965,147675,0.0,0,0.10397373863177936,0.0010397373863177937,1415,196
966,147871,0.0,0,0.24970080845777748,0.0024970080845777747,102,196
967,148067,0.0,0,0.10270557367015563,0.0010270557367015563,2182,196
968,148263,0.0,0,0.11907265954845689,0.001190726595484569,1204,196
969,148459,0.0,0,0.10527785098292601,0.00105277850982926,1815,196
970,148655,0.0,0,0.251188643150958,0.0025118864315095803,100,196
971,148851,0.0,0,0.09857515491453397,0.0009857515491453399,2361,196
972,149047,0.0,0,0.21575833081022136,0.0021575833081022137,166,196
973,149243,0.0,0,0.0999782137120944,0.000999782137120944,1717,196
974,149439,0.0,0,0.09978426893803734,0.0009978426893803734,1154,196
975,149635,0.0,0,0.14847292212588747,0.0014847292212588747,375,196
976,149831,0.0,0,0.11231213994156357,0.0011231213994156357,1463,196
